id,subreddit,item_type,signal_class,signal_subtype,post_title,post_url,evidence_url,evidence_date,post_date,score,comment_count,quote,need_summary,pain_score,frequency_score,pay_intent_score,priority_score,window_basis,verification_notes
1,r/webdesign,post,明確需求,情境預覽,我做了一個給網頁設計師的免費色彩工具,https://www.reddit.com/r/webdesign/comments/1spi261/i_made_a_free_color_tool_for_web_designers/,https://www.reddit.com/r/webdesign/comments/1spi261/i_made_a_free_color_tool_for_web_designers/,2026-04-19,2026-04-19,16,not_shown,"Picking a 'nice' color... but it looks completely different when applied to a full design.",需要把色票放入完整 UI/頁面預覽,5,5,0,75,post,web search result; supplemental rank 10
2,r/webdesign,comment,明確需求,尋找工具,我做了一個給網頁設計師的免費色彩工具,https://www.reddit.com/r/webdesign/comments/1spi261/i_made_a_free_color_tool_for_web_designers/,https://www.reddit.com/r/webdesign/comments/1spi261/i_made_a_free_color_tool_for_web_designers/,2026-04,2026-04-19,2,not_shown,"I've been looking for something like this! Gonna check it out!",尋找能在完整設計中試色的工具,4,4,1,65,comment,comment permalink not exposed; supplemental rank 10
3,r/web_design,comment,明確需求,對比與生成,Whats your favourite design resource nobody talks about,https://www.reddit.com/r/web_design/comments/1v8xrnq/whats_your_favourite_design_resource_nobody_talks/,https://www.reddit.com/r/web_design/comments/1v8xrnq/whats_your_favourite_design_resource_nobody_talks/,2026-07,2026-07-28,5,not_shown,"I love the site colorkit.co Great tools for checking color contrast and helping generate color palettes.",需要對比檢查與 palette 生成,4,4,1,65,comment,comment date not exposed
4,r/web_design,comment,替代品/價格阻力,替代工具,Whats your favourite design resource nobody talks about,https://www.reddit.com/r/web_design/comments/1v8xrnq/whats_your_favourite_design_resource_nobody_talks/,https://www.reddit.com/r/web_design/comments/1v8xrnq/whats_your_favourite_design_resource_nobody_talks/,2026-07,2026-07-28,1,not_shown,"I still think instantgradient.com makes better palettes...",比較 palette 工具品質,3,3,2,55,comment,comment date not exposed
5,r/web_design,comment,明確需求,圖片轉 palette,Whats your favourite design resource nobody talks about,https://www.reddit.com/r/web_design/comments/1v8xrnq/whats_your_favourite_design_resource_nobody_talks/,https://www.reddit.com/r/web_design/comments/1v8xrnq/whats_your_favourite_design_resource_nobody_talks/,2026-08,2026-07-28,1,not_shown,"I like the image-to-palette tool on instantgradient.com.",從圖片產生 palette,3,3,1,50,comment,comment date not exposed
6,r/web_design,post,普通吐槽;明確需求,客戶品牌色,What do you do when a client has a terrible logo or a crappy color scheme,https://www.reddit.com/r/web_design/comments/1w26cdv/what_do_you_do_when_a_client_has_a_terrible_logo/,https://www.reddit.com/r/web_design/comments/1w26cdv/what_do_you_do_when_a_client_has_a_terrible_logo/,2026-08,2026-08,20,36,"What do you do when a client has a terrible logo or a crappy color scheme?",需要在糟糕品牌限制下交付,4,4,0,69,post,relative date 1mo ago
7,r/web_design,post,明確需求;抱怨,品牌一致性,Designer in our company regressed too much with design,https://www.reddit.com/r/web_design/comments/1w2308l/designer_in_our_company_regressed_too_much_with/,https://www.reddit.com/r/web_design/comments/1w2308l/designer_in_our_company_regressed_too_much_with/,2026-08,2026-08,540,86,"We are losing branding; ... not even brand colors...",需要可共享的品牌色與 style guide,5,5,0,75,post,relative date 1mo ago
8,r/webdesign,post,普通吐槽;替代品/價格阻力,AI 既視感,What color palettes scream AI,https://www.reddit.com/r/webdesign/comments/1us1u6l/what_color_paletts_scream_ai/,https://www.reddit.com/r/webdesign/comments/1us1u6l/what_color_paletts_scream_ai/,2026-07-09,2026-07-09,5,not_shown,"colors purple, black, white... afraid it's AI default.",需要有理由的配色而非模板化色相,3,3,0,41,post,web search result; supplemental rank 10
9,r/webdesign,comment,明確需求;替代品/價格阻力,AI 既視感,What color palettes scream AI,https://www.reddit.com/r/webdesign/comments/1us1u6l/what_color_paletts_scream_ai/,https://www.reddit.com/r/webdesign/comments/1us1u6l/what_color_paletts_scream_ai/,2026-07-09,2026-07-09,not_shown,not_shown,"the tell is never the hue itself, it is the lack of reasons.",需要可解釋的配色決策,3,3,0,41,comment,comment shown on parent page; supplemental rank 10
10,r/web_design,comment,普通吐槽;替代品/價格阻力,模板化紫粉配色,Every vibecoded websites looks same,https://www.reddit.com/r/web_design/comments/1uzascg/every_vibecoded_websites_looks_same/,https://www.reddit.com/r/web_design/comments/1uzascg/every_vibecoded_websites_looks_same/,2026-07-17,2026-07-17,not_shown,not_shown,"I now am seriously considering changing colorschemes... trash purple pink...",尋找能避免同質化的配色方向,4,4,0,60,comment,web search result
11,r/web_design,post,普通吐槽;明確需求,單色主題,Monochrome problem,https://www.reddit.com/r/web_design/comments/1wlsx2c/monochrome_problem/,https://www.reddit.com/r/web_design/comments/1wlsx2c/monochrome_problem/,2026-09-20,2026-09-20,13,28,"Monochrome problem",需要處理單色主題的層次與可讀性,3,3,0,41,post,relative date 9d ago
12,r/web_design,post,明確需求,尋找工具,An UI color scheme generator,https://www.reddit.com/r/web_design/comments/1vrhruo/an_ui_color_scheme_generator/,https://www.reddit.com/r/web_design/comments/1vrhruo/an_ui_color_scheme_generator/,2026-08,2026-08,0,3,"An UI color scheme generator",尋找 UI 配色生成器,3,3,1,50,post,relative date 1mo ago
13,r/web_design,post,明確需求,主題數量,Do websites benefit from having more than 2 themes,https://www.reddit.com/r/web_design/comments/1vaxicw/do_websites_benefit_from_having_more_than_2_themes/,https://www.reddit.com/r/web_design/comments/1vaxicw/do_websites_benefit_from_having_more_than_2_themes/,2026-07,2026-07,6,22,"Do websites benefit from having more than 2 themes?",需要判斷多主題與維護成本,3,3,0,41,post,relative date 2mo ago
14,r/web_design,comment,替代品/價格阻力,訂閱牆,Coolors free alternative,https://www.reddit.com/r/web_design/comments/1r03l1i/looking_for_a_free_website_to_make_color_palettes/,https://www.reddit.com/r/web_design/comments/1r03l1i/looking_for_a_free_website_to_make_color_palettes/,2026-06-26,2026-02-09,1,not_shown,"If you're tired of Coolors gating everything behind a premium subscription...",需要不被訂閱牆阻擋的替代品,4,3,2,60,comment,comment in window; parent out of window
15,r/web_design,comment,替代品/價格阻力,免費免註冊,Coolors free alternative,https://www.reddit.com/r/web_design/comments/1r03l1i/looking_for_a_free_website_to_make_color_palettes/,https://www.reddit.com/r/web_design/comments/1r03l1i/looking_for_a_free_website_to_make_color_palettes/,2026-08-06,2026-02-09,1,not_shown,"With UI preview, multiple harmonies - free, no registration.",需要免費且低摩擦的 UI preview 工具,3,3,2,55,comment,comment in window; parent out of window
16,r/web_design,comment,替代品/價格阻力,免費 UI preview,Coolors free alternative,https://www.reddit.com/r/web_design/comments/1r03l1i/looking_for_a_free_website_to_make_color_palettes/,https://www.reddit.com/r/web_design/comments/1r03l1i/looking_for_a_free_website_to_make_color_palettes/,2026-08-29,2026-02-09,1,not_shown,"webcolortools.com is pretty good... and it's free.",需要多色 palette 與 Tailwind/UI preview 的免費替代品,3,3,2,55,comment,comment in window; parent out of window
17,r/UI_Design,comment,明確需求,配色重做,How can I improve the use of color in my UI,https://www.reddit.com/r/UI_Design/comments/1vdrobr/how_can_i_improve_the_use_of_color_in_my_ui/,https://www.reddit.com/r/UI_Design/comments/1vdrobr/how_can_i_improve_the_use_of_color_in_my_ui/,2026-08-02,2026-08-02,31,not_shown,"Colour scheme needs revamping...",需要重做配色方案,4,4,0,69,comment,web search result
18,r/UI_Design,comment,明確需求,區段語義,How can I improve the use of color in my UI,https://www.reddit.com/r/UI_Design/comments/1vdrobr/how_can_i_improve_the_use_of_color_in_my_ui/,https://www.reddit.com/r/UI_Design/comments/1vdrobr/how_can_i_improve_the_use_of_color_in_my_ui/,2026-08-02,2026-08-02,11,not_shown,"how colour is being used across different sections...",需要跨區段一致使用色彩,4,4,0,69,comment,web search result
19,r/UI_Design,comment,明確需求,語義色彩系統,How can I improve the use of color in my UI,https://www.reddit.com/r/UI_Design/comments/1vdrobr/how_can_i_improve_the_use_of_color_in_my_ui/,https://www.reddit.com/r/UI_Design/comments/1vdrobr/how_can_i_improve_the_use_of_color_in_my_ui/,2026-08-02,2026-08-02,2,not_shown,"Colour is currently doing too many unrelated jobs without a clear semantic system.",需要 semantic color roles,5,4,0,75,comment,web search result
20,r/UI_Design,comment,明確需求,對比度,How can I improve the use of color in my UI,https://www.reddit.com/r/UI_Design/comments/1vdrobr/how_can_i_improve_the_use_of_color_in_my_ui/,https://www.reddit.com/r/UI_Design/comments/1vdrobr/how_can_i_improve_the_use_of_color_in_my_ui/,2026-08-02,2026-08-02,2,not_shown,"Color contrast is your biggest win...",需要可見且可驗證的對比改善,5,5,0,75,comment,web search result
21,r/UI_Design,comment,明確需求;抱怨,WCAG 對比,One user roast about my interface design is that,https://www.reddit.com/r/UI_Design/comments/1syy0uo/one_user_roast_about_my_interface_design_is_that/,https://www.reddit.com/r/UI_Design/comments/1syy0uo/one_user_roast_about_my_interface_design_is_that/,2026-04-29,2026-04-29,209,not_shown,"You really need to work on the contrast. Google WCAG.",需要 WCAG 對比檢查,5,5,0,75,comment,web search result
22,r/UI_Design,comment,普通吐槽;明確需求,對比度,One user roast about my interface design is that,https://www.reddit.com/r/UI_Design/comments/1syy0uo/one_user_roast_about_my_interface_design_is_that/,https://www.reddit.com/r/UI_Design/comments/1syy0uo/one_user_roast_about_my_interface_design_is_that/,2026-04-29,2026-04-29,60,not_shown,"The UI is fine, but the contrast levels are terrible.",需要修正低對比 UI,5,5,0,75,comment,web search result
23,r/UI_Design,post,普通吐槽,技能不足,Im redesigning my website and was wondering how,https://www.reddit.com/r/UI_Design/comments/1t1yf53/im_redesigning_my_website_and_was_wondering_how/,https://www.reddit.com/r/UI_Design/comments/1t1yf53/im_redesigning_my_website_and_was_wondering_how/,2026-05-02,2026-05-02,13,not_shown,"I'm a software engineer and ui design is my weakest skill.",需要降低非設計背景使用者的配色門檻,3,3,0,41,post,web search result
24,r/UI_Design,comment,明確需求,色階結構,Im redesigning my website and was wondering how,https://www.reddit.com/r/UI_Design/comments/1t1yf53/im_redesigning_my_website_and_was_wondering_how/,https://www.reddit.com/r/UI_Design/comments/1t1yf53/im_redesigning_my_website_and_was_wondering_how/,2026-05-02,2026-05-02,8,not_shown,"always structure it in shades",需要由色階組織 palette,4,4,0,69,comment,web search result
25,r/UI_Design,comment,明確需求;可及性,對比比例,Im redesigning my website and was wondering how,https://www.reddit.com/r/UI_Design/comments/1t1yf53/im_redesigning_my_website_and_was_wondering_how/,https://www.reddit.com/r/UI_Design/comments/1t1yf53/im_redesigning_my_website_and_was_wondering_how/,2026-05-02,2026-05-02,2,not_shown,"make sure your text color has at least 4.5:1 contrast ratio",需要即時對比比例驗證,5,4,0,69,comment,web search result
26,r/Frontend,post,普通吐槽,前端視覺落差,I know this has been asked a million times but,https://www.reddit.com/r/Frontend/comments/1ue6cff/i_know_this_has_been_asked_a_million_times_but/,https://www.reddit.com/r/Frontend/comments/1ue6cff/i_know_this_has_been_asked_a_million_times_but/,2026-06-24,2026-06-24,84,not_shown,"sites look so bad... Is there some library that people use...",需要降低從程式到視覺成品的落差,4,4,0,60,post,web search result
27,r/Frontend,comment,明確需求,色彩與版面, I know this has been asked a million times but,https://www.reddit.com/r/Frontend/comments/1ue6cff/i_know_this_has_been_asked_a_million_times_but/,https://www.reddit.com/r/Frontend/comments/1ue6cff/i_know_this_has_been_asked_a_million_times_but/,2026-06-24,2026-06-24,125,not_shown,"The gap you're noticing is mostly typography, spacing, and color, not components.",需要把色彩納入前端視覺 workflow,4,5,0,69,comment,web search result
28,r/Frontend,comment,明確需求,減少探索空間,I know this has been asked a million times but,https://www.reddit.com/r/Frontend/comments/1ue6cff/i_know_this_has_been_asked_a_million_times_but/,https://www.reddit.com/r/Frontend/comments/1ue6cff/i_know_this_has_been_asked_a_million_times_but/,2026-06-24,2026-06-24,13,not_shown,"Narrow down things like color palette or typography... endless experimentation.",需要限制 palette 選擇與反覆試錯,4,5,0,69,comment,web search result
29,r/Frontend,post,明確需求;尋找工具,色彩 ramp app,removed,https://www.reddit.com/r/Frontend/comments/1u4w6qd/removed/,https://www.reddit.com/r/Frontend/comments/1u4w6qd/removed/,2026-06-13,2026-06-13,0,1,"app for exploring color ramps, RGB gamuts, perceptual color spaces, and palette workflows.",需要探索色彩空間並輸出 tokens/CSS,4,2,1,51,post,removed; low confidence
30,r/UXDesign,post,普通吐槽;抱怨,色彩理論門檻,Struggling with color,https://www.reddit.com/r/UXDesign/comments/1wapvkt/struggling_with_color/,https://www.reddit.com/r/UXDesign/comments/1wapvkt/struggling_with_color/,2026-09-08,2026-09-08,4,not_shown,"Color theory has never been part of my skillset and I've always struggled with palettes.",需要降低配色學習門檻,4,4,0,60,post,web search result
31,r/UXDesign,comment,明確需求,圖片取色方法,Struggling with color,https://www.reddit.com/r/UXDesign/comments/1wapvkt/struggling_with_color/,https://www.reddit.com/r/UXDesign/comments/1wapvkt/struggling_with_color/,2026-09-08,2026-09-08,not_shown,not_shown,"Use photo reversing technique... and pick the palette.",需要從參考圖建立 palette,3,3,0,41,comment,comment permalink not exposed
32,r/UXDesign,post,明確需求;尋找工具,Color Explorer,Question for UI/UX designers,https://www.reddit.com/r/UXDesign/comments/1uipwf4/question_for_uiux_designers/,https://www.reddit.com/r/UXDesign/comments/1uipwf4/question_for_uiux_designers/,2026-06,2026-06,not_shown,not_shown,"I'm working on a Color Explorer and I'm trying to avoid turning it into 'another color converter.'",需要差異化的 color explorer workflow,4,3,1,60,post,relative date about 3mo ago
33,r/UXDesign,post,明確需求,對比檢查,Question for UI/UX designers,https://www.reddit.com/r/UXDesign/comments/1uipwf4/question_for_uiux_designers/,https://www.reddit.com/r/UXDesign/comments/1uipwf4/question_for_uiux_designers/,2026-06,2026-06,not_shown,not_shown,"Contrast checking",需要把 contrast checking 作為核心能力,5,4,0,69,post,bullet in parent post
34,r/graphic_design,post,普通吐槽;抱怨,配色挫折,Struggling to find a color palette for this,https://www.reddit.com/r/graphic_design/comments/1wjoe74/struggling_to_find_a_color_palette_for_this/,https://www.reddit.com/r/graphic_design/comments/1wjoe74/struggling_to_find_a_color_palette_for_this/,2026-09-18,2026-09-18,63,48,"I hated this project's color palette (still do).",需要降低反覆試色的挫折,5,5,0,75,post,CUA live page snapshot
35,r/graphic_design,comment,明確需求,高對比與可讀性,Struggling to find a color palette for this,https://www.reddit.com/r/graphic_design/comments/1wjoe74/struggling_to_find_a_color_palette_for_this/,https://www.reddit.com/r/graphic_design/comments/1wjoe74/comment/pak2hqj/,2026-09-18,2026-09-18,not_shown,48,"high contrast is selling your idea",需要以對比度輔助選擇,4,4,0,69,CUA,comment permalink verified
36,r/graphic_design,comment,明確需求,構圖與配色診斷,Struggling to find a color palette for this,https://www.reddit.com/r/graphic_design/comments/1wjoe74/struggling_to_find_a_color_palette_for_this/,https://www.reddit.com/r/graphic_design/comments/1wjoe74/comment/pak7pb4/,2026-09-18,2026-09-18,not_shown,48,"the problem is not at the color but the overall complicated composition",需要區分色彩問題與構圖問題,4,4,0,69,CUA,comment permalink verified
37,r/graphic_design,comment,明確需求,品牌對比,First time designing a fictional brand,https://www.reddit.com/r/graphic_design/comments/1wbykp8/first_time_designing_a_fictional_brand/,https://www.reddit.com/r/graphic_design/comments/1wbykp8/first_time_designing_a_fictional_brand/,2026-09-09,2026-09-09,not_shown,not_shown,"the contrast is not strong enough",需要品牌配色對比診斷,4,5,0,69,comment,comment permalink not exposed
38,r/graphic_design,post,明確需求;尋找工具,工具推薦,what is a tool that you wish you knew about,https://www.reddit.com/r/graphic_design/comments/1s7aouj/what_is_a_tool_that_you_as_a_graphic_designer/,https://www.reddit.com/r/graphic_design/comments/1s7aouj/what_is_a_tool_that_you_as_a_graphic_designer/,2026-03-29,2026-03-29,18,not_shown,"what tool have you discovered that would have made your life 100x easier",需要能顯著節省設計時間的工具,3,4,1,60,post,search result date; direct page relative 5mo
39,r/graphic_design,comment,付費信號（弱）,一次性付費工具,what is a tool that you wish you knew about,https://www.reddit.com/r/graphic_design/comments/1s7aouj/what_is_a_tool_that_you_as_a_graphic_designer/,https://www.reddit.com/r/graphic_design/comments/1s7aouj/what_is_a_tool_that_you_as_a_graphic_designer/,2026-04,2026-03-29,not_shown,not_shown,"Pretty inexpensive, one time payment... automatic contrast check... palette saving capabilities",可接受低價一次性工具與對比功能,3,3,3,60,comment,web page direct; comment date relative
40,r/graphic_design,comment,付費信號（弱）,節省追色時間,what is a tool that you wish you knew about,https://www.reddit.com/r/graphic_design/comments/1s7aouj/what_is_a_tool_that_you_as_a_graphic_designer/,https://www.reddit.com/r/graphic_design/comments/1s7aouj/what_is_a_tool_that_you_as_a_graphic_designer/,2026-05,2026-03-29,not_shown,not_shown,"I would have saved a lot of time chasing colors if I had Opalite",用節省時間作為付費價值主張,4,3,1,60,comment,web page direct; comment date relative
